{"cameraMode":{"drawMode":0,"name":"Shaded","section":"Shading Mode"},"sceneLighting":false,"audioPlay":false,"sceneViewState":{"showFog":true,"showMaterialUpdate":false,"showSkybox":false,"showFlares":true,"showImageEffects":true,"showParticleSystems":true},"in2DMode":false,"pivot":{"x":0.00670623779296875,"y":0.6544961333274841,"z":-0.00759124755859375},"rotation":{"x":0.1712895929813385,"y":-0.33640217781066897,"z":0.06236831843852997,"w":0.9239067435264587},"size":77.78727722167969,"orthographic":false}