{"cameraMode":{"drawMode":0,"name":"Shaded","section":"Shading Mode"},"sceneLighting":true,"audioPlay":false,"sceneViewState":{"showFog":true,"showMaterialUpdate":false,"showSkybox":true,"showFlares":true,"showImageEffects":true,"showParticleSystems":true},"in2DMode":false,"pivot":{"x":-2.067814826965332,"y":4.0966691970825199,"z":-12.763359069824219},"rotation":{"x":-0.2986774444580078,"y":0.009158210828900338,"z":-0.002867375500500202,"w":-0.95430588722229},"size":7.138627052307129,"orthographic":false}