{"cameraMode":{"drawMode":0,"name":"Shaded","section":"Shading Mode"},"sceneLighting":false,"audioPlay":false,"sceneViewState":{"showFog":true,"showMaterialUpdate":true,"showSkybox":true,"showFlares":true,"showImageEffects":true,"showParticleSystems":true},"in2DMode":false,"pivot":{"x":3.190000057220459,"y":0.7200000286102295,"z":0.0},"rotation":{"x":-0.16069887578487397,"y":0.0008945531444624066,"z":-0.0001495448377681896,"w":-0.9870030879974365},"size":6.645235538482666,"orthographic":true}