{"cameraMode":{"drawMode":0,"name":"Shaded","section":"Shading Mode"},"sceneLighting":false,"audioPlay":false,"sceneViewState":{"showFog":true,"showMaterialUpdate":true,"showSkybox":true,"showFlares":true,"showImageEffects":true,"showParticleSystems":true},"in2DMode":false,"pivot":{"x":0.0,"y":1.2384189367294312,"z":-0.07015404105186463},"rotation":{"x":-0.14140529930591584,"y":0.015745481476187707,"z":-0.0022534297313541176,"w":-0.9898239970207214},"size":4.62026834487915,"orthographic":true}